{
    "name": "root",
    "gauges": {
        "MyBehavior.Policy.Entropy.mean": {
            "value": 0.0,
            "min": 0.0,
            "max": 0.0,
            "count": 3
        },
        "MyBehavior.Policy.ExtrinsicValueEstimate.mean": {
            "value": 0.021989144384860992,
            "min": 0.021989144384860992,
            "max": 0.07510015368461609,
            "count": 3
        },
        "MyBehavior.Environment.EpisodeLength.mean": {
            "value": 999.0,
            "min": 999.0,
            "max": 999.0,
            "count": 3
        },
        "MyBehavior.Environment.CumulativeReward.mean": {
            "value": 0.0,
            "min": 0.0,
            "max": 0.0,
            "count": 3
        },
        "MyBehavior.Policy.ExtrinsicReward.mean": {
            "value": 0.0,
            "min": 0.0,
            "max": 0.0,
            "count": 3
        },
        "MyBehavior.Losses.ValueLoss.mean": {
            "value": 9.418157787877135e-06,
            "min": 9.418157787877135e-06,
            "max": 0.0008822773816064,
            "count": 3
        },
        "MyBehavior.Losses.PolicyLoss.mean": {
            "value": 0.022737199440598488,
            "min": 0.022737199440598488,
            "max": 0.02397388219833374,
            "count": 3
        },
        "MyBehavior.Policy.LearningRate.mean": {
            "value": 0.0002233920677099377,
            "min": 0.0002233920677099377,
            "max": 0.0002840400265995413,
            "count": 3
        },
        "MyBehavior.Policy.Epsilon.mean": {
            "value": 0.17446401715278625,
            "min": 0.17446401715278625,
            "max": 0.19467999041080475,
            "count": 3
        },
        "MyBehavior.Policy.Beta.mean": {
            "value": 0.0037257536314427853,
            "min": 0.0037257536314427853,
            "max": 0.004734531976282597,
            "count": 3
        },
        "MyBehavior.IsTraining.mean": {
            "value": 1.0,
            "min": 1.0,
            "max": 1.0,
            "count": 3
        }
    },
    "metadata": {
        "timer_format_version": "0.1.0",
        "start_time_seconds": "1606315090",
        "python_version": "3.8.6 (tags/v3.8.6:db45529, Sep 23 2020, 15:52:53) [MSC v.1927 64 bit (AMD64)]",
        "command_line_arguments": "C:\\Users\\bramv\\AppData\\Local\\Programs\\Python\\Python38\\Scripts\\mlagents-learn Jumper.yml --run-id Jumper-05",
        "mlagents_version": "0.21.0",
        "mlagents_envs_version": "0.21.0",
        "communication_protocol_version": "1.2.0",
        "tensorflow_version": "2.3.1",
        "numpy_version": "1.19.2",
        "end_time_seconds": "1606315433"
    },
    "total": 342.44027750000004,
    "count": 1,
    "self": 0.004817600000023958,
    "children": {
        "run_training.setup": {
            "total": 0.013085400000000025,
            "count": 1,
            "self": 0.013085400000000025
        },
        "TrainerController.start_learning": {
            "total": 342.4223745,
            "count": 1,
            "self": 0.4473587000003363,
            "children": {
                "TrainerController._reset_env": {
                    "total": 8.6804923,
                    "count": 1,
                    "self": 8.6804923
                },
                "TrainerController.advance": {
                    "total": 331.8074544999996,
                    "count": 17961,
                    "self": 0.18592649999987998,
                    "children": {
                        "env_step": {
                            "total": 331.6215279999997,
                            "count": 17961,
                            "self": 318.3469290000054,
                            "children": {
                                "SubprocessEnvManager._take_step": {
                                    "total": 13.071015599996565,
                                    "count": 17961,
                                    "self": 0.42233069999598705,
                                    "children": {
                                        "TFPolicy.evaluate": {
                                            "total": 12.648684900000578,
                                            "count": 17957,
                                            "self": 12.648684900000578
                                        }
                                    }
                                },
                                "workers": {
                                    "total": 0.20358339999775588,
                                    "count": 17960,
                                    "self": 0.0,
                                    "children": {
                                        "worker_root": {
                                            "total": 332.79291630000034,
                                            "count": 17960,
                                            "is_parallel": true,
                                            "self": 36.29896559999918,
                                            "children": {
                                                "steps_from_proto": {
                                                    "total": 0.00043650000000017286,
                                                    "count": 1,
                                                    "is_parallel": true,
                                                    "self": 0.00016659999999912856,
                                                    "children": {
                                                        "_process_vector_observation": {
                                                            "total": 0.0002699000000010443,
                                                            "count": 4,
                                                            "is_parallel": true,
                                                            "self": 0.0002699000000010443
                                                        }
                                                    }
                                                },
                                                "UnityEnvironment.step": {
                                                    "total": 296.4935142000012,
                                                    "count": 17960,
                                                    "is_parallel": true,
                                                    "self": 1.2581076000003577,
                                                    "children": {
                                                        "UnityEnvironment._generate_step_input": {
                                                            "total": 4.606091500000062,
                                                            "count": 17960,
                                                            "is_parallel": true,
                                                            "self": 4.606091500000062
                                                        },
                                                        "communicator.exchange": {
                                                            "total": 283.8142334999985,
                                                            "count": 17960,
                                                            "is_parallel": true,
                                                            "self": 283.8142334999985
                                                        },
                                                        "steps_from_proto": {
                                                            "total": 6.815081600002237,
                                                            "count": 17960,
                                                            "is_parallel": true,
                                                            "self": 2.5558693000038275,