{"cameraMode":{"drawMode":0,"name":"Shaded","section":"Shading Mode"},"sceneLighting":true,"audioPlay":false,"sceneViewState":{"showFog":true,"showMaterialUpdate":false,"showSkybox":true,"showFlares":true,"showImageEffects":true,"showParticleSystems":true},"in2DMode":false,"pivot":{"x":56.82366180419922,"y":87.81609344482422,"z":-95.37609100341797},"rotation":{"x":-0.17638230323791505,"y":0.0005877354415133596,"z":-0.00010559565271250904,"w":-0.9843218922615051},"size":10.0,"orthographic":false}