{"cameraMode":{"drawMode":0,"name":"Shaded","section":"Shading Mode"},"sceneLighting":true,"audioPlay":false,"sceneViewState":{"showFog":true,"showMaterialUpdate":false,"showSkybox":true,"showFlares":true,"showImageEffects":true,"showParticleSystems":true},"in2DMode":false,"pivot":{"x":-3.6626229286193849,"y":8.40711784362793,"z":2.3398590087890627},"rotation":{"x":-0.019807113334536554,"y":-0.011400322429835797,"z":0.0002258306776639074,"w":-0.9997393488883972},"size":17.706581115722658,"orthographic":false}