{"cameraMode":{"drawMode":0,"name":"Shaded","section":"Shading Mode"},"sceneLighting":false,"audioPlay":false,"sceneViewState":{"showFog":true,"showMaterialUpdate":false,"showSkybox":false,"showFlares":true,"showImageEffects":true,"showParticleSystems":true},"in2DMode":false,"pivot":{"x":2.439999580383301,"y":1.48591148853302,"z":-2.7849998474121095},"rotation":{"x":-0.24085216224193574,"y":0.02241479977965355,"z":-0.005564255174249411,"w":-0.9702875018119812},"size":28.696828842163087,"orthographic":false}