{
    "name": "root",
    "gauges": {
        "Player.Policy.Entropy.mean": {
            "value": 0.6714161038398743,
            "min": 0.5808489322662354,
            "max": 0.6928401589393616,
            "count": 50
        },
        "Player.Policy.ExtrinsicValueEstimate.mean": {
            "value": -0.04832027107477188,
            "min": -0.20211759209632874,
            "max": 0.03162403404712677,
            "count": 50
        },
        "Player.Policy.CuriosityValueEstimate.mean": {
            "value": 0.0030876428354531527,
            "min": -0.23837392032146454,
            "max": 0.0030876428354531527,
            "count": 50
        },
        "Player.Environment.EpisodeLength.mean": {
            "value": 1009.9,
            "min": 710.0,
            "max": 1454.111111111111,
            "count": 50
        },
        "Player.Environment.CumulativeReward.mean": {
            "value": -1.8530999552458525,
            "min": -3.512749961577356,
            "max": 1.4711425719516618,
            "count": 50
        },
        "Player.Policy.ExtrinsicReward.mean": {
            "value": -1.8530999552458525,
            "min": -3.512749961577356,
            "max": 1.4711425719516618,
            "count": 50
        },
        "Player.Policy.CuriosityReward.mean": {
            "value": 0.010435032198074623,
            "min": 0.00016269609477603808,
            "max": 0.06571895316717148,
            "count": 50
        },
        "Player.Losses.ValueLoss.mean": {
            "value": 0.022497527301311493,
            "min": 0.01892174407839775,
            "max": 0.03291069343686104,
            "count": 50
        },
        "Player.Losses.PolicyLoss.mean": {
            "value": 0.5324143767356873,
            "min": 0.4606291651725769,
            "max": 0.5737287402153015,
            "count": 50
        },
        "Player.Policy.LearningRate.mean": {
            "value": 0.00029999998514540493,
            "min": 0.00029999998514540493,
            "max": 0.00029999998514540493,
            "count": 50
        },
        "Player.Policy.Epsilon.mean": {
            "value": 0.20000004768371582,
            "min": 0.20000003278255463,
            "max": 0.20000004768371582,
            "count": 50
        },
        "Player.Policy.Beta.mean": {
            "value": 0.004999999888241291,
            "min": 0.004999999422580004,
            "max": 0.004999999888241291,
            "count": 50
        },
        "Player.Losses.CuriosityForwardLoss.mean": {
            "value": 0.0036999748554080725,
            "min": 0.0009478364372625947,
            "max": 0.09426344186067581,
            "count": 50
        },
        "Player.Losses.CuriosityInverseLoss.mean": {
            "value": 0.677322506904602,
            "min": 0.5900599956512451,
            "max": 0.6950520277023315,
            "count": 50
        },
        "Player.IsTraining.mean": {
            "value": 1.0,
            "min": 1.0,
            "max": 1.0,
            "count": 50
        }
    },
    "metadata": {
        "timer_format_version": "0.1.0",
        "start_time_seconds": "1606739900",
        "python_version": "3.8.6 (tags/v3.8.6:db45529, Sep 23 2020, 15:52:53) [MSC v.1927 64 bit (AMD64)]",
        "command_line_arguments": "C:\\Users\\bramv\\AppData\\Local\\Programs\\Python\\Python38\\Scripts\\mlagents-learn Jumper-02.yml --run-id Jumper-03",
        "mlagents_version": "0.21.0",
        "mlagents_envs_version": "0.21.0",
        "communication_protocol_version": "1.2.0",
        "tensorflow_version": "2.3.1",
        "numpy_version": "1.19.2",
        "end_time_seconds": "1606741085"
    },
    "total": 1185.2367432,
    "count": 1,
    "self": 0.22441340000023047,
    "children": {
        "run_training.setup": {
            "total": 0.009806300000000157,
            "count": 1,
            "self": 0.009806300000000157
        },
        "TrainerController.start_learning": {
            "total": 1185.0025234999998,
            "count": 1,
            "self": 1.170474499997681,
            "children": {
                "TrainerController._reset_env": {
                    "total": 22.5605896,
                    "count": 1,
                    "self": 22.5605896
                },
                "TrainerController.advance": {
                    "total": 1157.8684091000023,
                    "count": 50413,
                    "self": 0.5475432000052933,
                    "children": {
                        "env_step": {
                            "total": 1157.320865899997,
                            "count": 50413,
                            "self": 1088.098198799999,
                            "children": {
                                "SubprocessEnvManager._take_step": {
                                    "total": 68.64215949999289,
                                    "count": 50413,
                                    "self": 1.5504003999814984,
                                    "children": {
                                        "TFPolicy.evaluate": {
                                            "total": 67.09175910001139,
                                            "count": 50054,
                                            "self": 67.09175910001139
                                        }
                                    }
                                },
                                "workers": {
                                    "total": 0.5805076000052267,
                                    "count": 50413,
                                    "self": 0.0,
                                    "children": {
                                        "worker_root": {
                                            "total": 1160.097107099991,
                                            "count": 50413,
                                            "is_parallel": true,
                                            "self": 325.5631113999817,
                                            "children": {
                                                "steps_from_proto": {
                                                    "total": 0.0005385999999987234,
                                                    "count": 1,
                                                    "is_parallel": true,
                                                    "self": 0.00016470000000268215,
                                                    "children": {
                                                        "_process_vector_observation": {
                                                            "total": 0.0003738999999960413,
                                                            "count": 6,
                                                            "is_parallel": true,
                                                            "self": 0.0003738999999960413
                                                        }
                                                    }
                                                },
                                                "UnityEnvironment.step": {
                                                    "total": 834.5334571000093,
                                                    "count": 50413,
                                                    "is_parallel": true,
                                                    "self": 3.807112300008498,
                                                    "children": {
                                                        "UnityEnvironment._generate_step_input": {
                                                            "total": 13.302434500008207,
                                                            "count": 50413,
                                                            "is_parallel": true,
                                                            "self": 13.302434500008207
                                                        },