{
    "name": "root",
    "gauges": {
        "Player.Policy.Entropy.mean": {
            "value": 0.6740182042121887,
            "min": 0.6549195647239685,
            "max": 0.693122386932373,
            "count": 15
        },
        "Player.Policy.ExtrinsicValueEstimate.mean": {
            "value": -0.11752182245254517,
            "min": -0.11752182245254517,
            "max": 0.07555604726076126,
            "count": 15
        },
        "Player.Policy.CuriosityValueEstimate.mean": {
            "value": -0.008440226316452026,
            "min": -0.09337985515594482,
            "max": -0.008440226316452026,
            "count": 15
        },
        "Player.IsTraining.mean": {
            "value": 1.0,
            "min": 1.0,
            "max": 1.0,
            "count": 15
        },
        "Player.Losses.ValueLoss.mean": {
            "value": 0.007015207316726446,
            "min": 0.00420729024335742,
            "max": 0.012275531888008118,
            "count": 14
        },
        "Player.Losses.PolicyLoss.mean": {
            "value": 0.39652031660079956,
            "min": 0.3008493185043335,
            "max": 0.4853818118572235,
            "count": 14
        },
        "Player.Policy.LearningRate.mean": {
            "value": 0.00029999998514540493,
            "min": 0.00029999998514540493,
            "max": 0.00029999998514540493,
            "count": 14
        },
        "Player.Policy.Epsilon.mean": {
            "value": 0.20000004768371582,
            "min": 0.20000003278255463,
            "max": 0.20000004768371582,
            "count": 14
        },
        "Player.Policy.Beta.mean": {
            "value": 0.004999999888241291,
            "min": 0.004999999422580004,
            "max": 0.004999999888241291,
            "count": 14
        },
        "Player.Losses.CuriosityForwardLoss.mean": {
            "value": 0.002373663242906332,
            "min": 0.001177414320409298,
            "max": 0.03701948747038841,
            "count": 14
        },
        "Player.Losses.CuriosityInverseLoss.mean": {
            "value": 0.6705222725868225,
            "min": 0.6645604968070984,
            "max": 0.6935741901397705,
            "count": 14
        },
        "Player.Environment.EpisodeLength.mean": {
            "value": 1602.6666666666667,
            "min": 1602.6666666666667,
            "max": 3951.0,
            "count": 14
        },
        "Player.Environment.CumulativeReward.mean": {
            "value": -4.0690000255902605,
            "min": -4.165000088140369,
            "max": -2.7390002943575382,
            "count": 14
        },
        "Player.Policy.ExtrinsicReward.mean": {
            "value": -4.0690000255902605,
            "min": -4.165000088140369,
            "max": -2.7390002943575382,
            "count": 14
        },
        "Player.Policy.CuriosityReward.mean": {
            "value": 0.05681814699588964,
            "min": 0.03917003071983345,
            "max": 0.3614231457468122,
            "count": 14
        }
    },
    "metadata": {
        "timer_format_version": "0.1.0",
        "start_time_seconds": "1606330084",
        "python_version": "3.8.6 (tags/v3.8.6:db45529, Sep 23 2020, 15:52:53) [MSC v.1927 64 bit (AMD64)]",
        "command_line_arguments": "C:\\Users\\bramv\\AppData\\Local\\Programs\\Python\\Python38\\Scripts\\mlagents-learn Jumper.yml --run-id Jumper-01",
        "mlagents_version": "0.21.0",
        "mlagents_envs_version": "0.21.0",
        "communication_protocol_version": "1.2.0",
        "tensorflow_version": "2.3.1",
        "numpy_version": "1.19.2",
        "end_time_seconds": "1606330454"
    },
    "total": 369.4106008,
    "count": 1,
    "self": 0.0038442999999688254,
    "children": {
        "run_training.setup": {
            "total": 0.011092800000000125,
            "count": 1,
            "self": 0.011092800000000125
        },
        "TrainerController.start_learning": {
            "total": 369.3956637,
            "count": 1,
            "self": 0.4254623000020388,
            "children": {
                "TrainerController._reset_env": {
                    "total": 10.1049819,
                    "count": 1,
                    "self": 10.1049819
                },
                "TrainerController.advance": {
                    "total": 355.277902199998,
                    "count": 15884,
                    "self": 0.18672649999649593,
                    "children": {
                        "env_step": {
                            "total": 355.0911757000015,
                            "count": 15884,
                            "self": 332.2230684000016,
                            "children": {
                                "SubprocessEnvManager._take_step": {
                                    "total": 22.670476199999,
                                    "count": 15884,
                                    "self": 0.5618609999990412,
                                    "children": {
                                        "TFPolicy.evaluate": {
                                            "total": 22.10861519999996,
                                            "count": 15884,
                                            "self": 22.10861519999996
                                        }
                                    }
                                },
                                "workers": {
                                    "total": 0.19763110000090833,
                                    "count": 15883,
                                    "self": 0.0,
                                    "children": {
                                        "worker_root": {
                                            "total": 357.6648291999989,
                                            "count": 15883,
                                            "is_parallel": true,
                                            "self": 118.9857916999992,
                                            "children": {
                                                "steps_from_proto": {
                                                    "total": 0.000544800000000123,
                                                    "count": 1,
                                                    "is_parallel": true,
                                                    "self": 0.00019910000000056272,
                                                    "children": {
                                                        "_process_vector_observation": {
                                                            "total": 0.00034569999999956025,
                                                            "count": 4,
                                                            "is_parallel": true,
                                                            "self": 0.00034569999999956025
                                                        }
                                                    }
                                                },
                                                "UnityEnvironment.step": {
                                                    "total": 238.6784926999997,
                                                    "count": 15883,
                                                    "is_parallel": true,
                                                    "self": 1.223273600001221,
                                                    "children": {
                                                        "UnityEnvironment._generate_step_input": {
                                                            "total": 4.682817499999205,
                                                            "count": 15883,
                                                            "is_parallel": true,
                                                            "self": 4.682817499999205
                                                        },