{
    "name": "root",
    "gauges": {
        "Player.Policy.Entropy.mean": {
            "value": 0.3735911250114441,
            "min": 0.3735911250114441,
            "max": 0.6925593018531799,
            "count": 50
        },
        "Player.Policy.ExtrinsicValueEstimate.mean": {
            "value": 0.014641576446592808,
            "min": -0.12725186347961426,
            "max": 0.06033925712108612,
            "count": 50
        },
        "Player.Policy.CuriosityValueEstimate.mean": {
            "value": 0.011433505453169346,
            "min": -0.16829904913902283,
            "max": 0.012191512621939182,
            "count": 50
        },
        "Player.Environment.EpisodeLength.mean": {
            "value": 1099.2,
            "min": 614.25,
            "max": 1352.0,
            "count": 50
        },
        "Player.Environment.CumulativeReward.mean": {
            "value": -0.41890012808144095,
            "min": -2.8947500213980675,
            "max": 1.2371247713454068,
            "count": 50
        },
        "Player.Policy.ExtrinsicReward.mean": {
            "value": -0.41890012808144095,
            "min": -2.8947500213980675,
            "max": 1.2371247713454068,
            "count": 50
        },
        "Player.Policy.CuriosityReward.mean": {
            "value": 0.08232223928207531,
            "min": 0.0,
            "max": 0.27328471519285813,
            "count": 50
        },
        "Player.Losses.ValueLoss.mean": {
            "value": 0.027813132852315903,
            "min": 0.021648826077580452,
            "max": 0.03406431898474693,
            "count": 50
        },
        "Player.Losses.PolicyLoss.mean": {
            "value": 0.5416271090507507,
            "min": 0.4697425663471222,
            "max": 0.6129665374755859,
            "count": 50
        },
        "Player.Policy.LearningRate.mean": {
            "value": 0.00029999998514540493,
            "min": 0.00029999998514540493,
            "max": 0.00029999998514540493,
            "count": 50
        },
        "Player.Policy.Epsilon.mean": {
            "value": 0.20000004768371582,
            "min": 0.20000003278255463,
            "max": 0.20000004768371582,
            "count": 50
        },
        "Player.Policy.Beta.mean": {
            "value": 0.004999999888241291,
            "min": 0.004999999422580004,
            "max": 0.004999999888241291,
            "count": 50
        },
        "Player.Losses.CuriosityForwardLoss.mean": {
            "value": 0.005205471068620682,
            "min": 0.0006350547191686928,
            "max": 0.10045601427555084,
            "count": 50
        },
        "Player.Losses.CuriosityInverseLoss.mean": {
            "value": 0.393430233001709,
            "min": 0.393430233001709,
            "max": 0.6946665048599243,
            "count": 50
        },
        "Player.IsTraining.mean": {
            "value": 1.0,
            "min": 1.0,
            "max": 1.0,
            "count": 50
        }
    },
    "metadata": {
        "timer_format_version": "0.1.0",
        "start_time_seconds": "1606733612",
        "python_version": "3.8.6 (tags/v3.8.6:db45529, Sep 23 2020, 15:52:53) [MSC v.1927 64 bit (AMD64)]",
        "command_line_arguments": "C:\\Users\\bramv\\AppData\\Local\\Programs\\Python\\Python38\\Scripts\\mlagents-learn Jumper.yml --run-id Jumper-01",
        "mlagents_version": "0.21.0",
        "mlagents_envs_version": "0.21.0",
        "communication_protocol_version": "1.2.0",
        "tensorflow_version": "2.3.1",
        "numpy_version": "1.19.2",
        "end_time_seconds": "1606734764"
    },
    "total": 1151.4511662,
    "count": 1,
    "self": 0.21474799999987226,
    "children": {
        "run_training.setup": {
            "total": 0.0453275999999998,
            "count": 1,
            "self": 0.0453275999999998
        },
        "TrainerController.start_learning": {
            "total": 1151.1910906,
            "count": 1,
            "self": 1.0876799999773539,
            "children": {
                "TrainerController._reset_env": {
                    "total": 31.1268308,
                    "count": 1,
                    "self": 31.1268308
                },
                "TrainerController.advance": {
                    "total": 1115.7317447000228,
                    "count": 50439,
                    "self": 0.5013196000106745,
                    "children": {
                        "env_step": {
                            "total": 1115.230425100012,
                            "count": 50439,
                            "self": 1049.948374200014,
                            "children": {
                                "SubprocessEnvManager._take_step": {
                                    "total": 64.71667580000953,
                                    "count": 50439,
                                    "self": 1.4769179000224142,
                                    "children": {
                                        "TFPolicy.evaluate": {
                                            "total": 63.23975789998711,
                                            "count": 50070,
                                            "self": 63.23975789998711
                                        }
                                    }
                                },
                                "workers": {
                                    "total": 0.5653750999885148,
                                    "count": 50439,
                                    "self": 0.0,
                                    "children": {
                                        "worker_root": {
                                            "total": 1118.325494899987,
                                            "count": 50439,
                                            "is_parallel": true,
                                            "self": 319.7169156999943,
                                            "children": {
                                                "steps_from_proto": {
                                                    "total": 0.001468599999999043,
                                                    "count": 1,
                                                    "is_parallel": true,
                                                    "self": 0.0001885000000036996,
                                                    "children": {
                                                        "_process_vector_observation": {
                                                            "total": 0.0012800999999953433,
                                                            "count": 6,
                                                            "is_parallel": true,
                                                            "self": 0.0012800999999953433
                                                        }
                                                    }
                                                },
                                                "UnityEnvironment.step": {
                                                    "total": 798.6071105999928,
                                                    "count": 50439,
                                                    "is_parallel": true,
                                                    "self": 3.4542174999809276,
                                                    "children": {
                                                        "UnityEnvironment._generate_step_input": {
                                                            "total": 12.55873460000208,
                                                            "count": 50439,
                                                            "is_parallel": true,
                                                            "self": 12.55873460000208
                                                        },