{
    "name": "root",
    "gauges": {
        "Player.Policy.Entropy.mean": {
            "value": 0.692953884601593,
            "min": 0.692953884601593,
            "max": 0.692953884601593,
            "count": 1
        },
        "Player.Policy.ExtrinsicValueEstimate.mean": {
            "value": 0.1259389966726303,
            "min": 0.1259389966726303,
            "max": 0.1259389966726303,
            "count": 1
        },
        "Player.Policy.CuriosityValueEstimate.mean": {
            "value": 0.03947117552161217,
            "min": 0.03947117552161217,
            "max": 0.03947117552161217,
            "count": 1
        },
        "Player.Environment.EpisodeLength.mean": {
            "value": 615.1,
            "min": 615.1,
            "max": 615.1,
            "count": 1
        },
        "Player.Environment.CumulativeReward.mean": {
            "value": -5.0,
            "min": -5.0,
            "max": -5.0,
            "count": 1
        },
        "Player.Policy.ExtrinsicReward.mean": {
            "value": -5.0,
            "min": -5.0,
            "max": -5.0,
            "count": 1
        },
        "Player.Policy.CuriosityReward.mean": {
            "value": 0.0,
            "min": 0.0,
            "max": 0.0,
            "count": 1
        },
        "Player.Losses.ValueLoss.mean": {
            "value": 0.028108008205890656,
            "min": 0.028108008205890656,
            "max": 0.028108008205890656,
            "count": 1
        },
        "Player.Losses.PolicyLoss.mean": {
            "value": 0.4760597348213196,
            "min": 0.4760597348213196,
            "max": 0.4760597348213196,
            "count": 1
        },
        "Player.Policy.LearningRate.mean": {
            "value": 0.00029999998514540493,
            "min": 0.00029999998514540493,
            "max": 0.00029999998514540493,
            "count": 1
        },
        "Player.Policy.Epsilon.mean": {
            "value": 0.20000004768371582,
            "min": 0.20000004768371582,
            "max": 0.20000004768371582,
            "count": 1
        },
        "Player.Policy.Beta.mean": {
            "value": 0.004999999888241291,
            "min": 0.004999999888241291,
            "max": 0.004999999888241291,
            "count": 1
        },
        "Player.Losses.CuriosityForwardLoss.mean": {
            "value": 0.07872648537158966,
            "min": 0.07872648537158966,
            "max": 0.07872648537158966,
            "count": 1
        },
        "Player.Losses.CuriosityInverseLoss.mean": {
            "value": 0.6940720081329346,
            "min": 0.6940720081329346,
            "max": 0.6940720081329346,
            "count": 1
        },
        "Player.IsTraining.mean": {
            "value": 1.0,
            "min": 1.0,
            "max": 1.0,
            "count": 1
        }
    },
    "metadata": {
        "timer_format_version": "0.1.0",
        "start_time_seconds": "1606330718",
        "python_version": "3.8.6 (tags/v3.8.6:db45529, Sep 23 2020, 15:52:53) [MSC v.1927 64 bit (AMD64)]",
        "command_line_arguments": "C:\\Users\\bramv\\AppData\\Local\\Programs\\Python\\Python38\\Scripts\\mlagents-learn Jumper.yml --run-id Jumper-01",
        "mlagents_version": "0.21.0",
        "mlagents_envs_version": "0.21.0",
        "communication_protocol_version": "1.2.0",
        "tensorflow_version": "2.3.1",
        "numpy_version": "1.19.2",
        "end_time_seconds": "1606330759"
    },
    "total": 40.7540165,
    "count": 1,
    "self": 0.004063500000000886,
    "children": {
        "run_training.setup": {
            "total": 0.010160500000000017,
            "count": 1,
            "self": 0.010160500000000017
        },
        "TrainerController.start_learning": {
            "total": 40.7397925,
            "count": 1,
            "self": 0.0413117000000085,
            "children": {
                "TrainerController._reset_env": {
                    "total": 8.591166099999999,
                    "count": 1,
                    "self": 8.591166099999999
                },
                "TrainerController.advance": {
                    "total": 28.191028599999992,
                    "count": 1180,
                    "self": 0.013895399999992009,
                    "children": {
                        "env_step": {
                            "total": 28.1771332,
                            "count": 1180,
                            "self": 26.358710199999944,
                            "children": {
                                "SubprocessEnvManager._take_step": {
                                    "total": 1.8041812999999838,
                                    "count": 1180,
                                    "self": 0.04215759999999413,
                                    "children": {
                                        "TFPolicy.evaluate": {
                                            "total": 1.7620236999999896,
                                            "count": 1171,
                                            "self": 1.7620236999999896
                                        }
                                    }
                                },
                                "workers": {
                                    "total": 0.0142417000000723,
                                    "count": 1179,
                                    "self": 0.0,
                                    "children": {
                                        "worker_root": {
                                            "total": 30.728563300000044,
                                            "count": 1179,
                                            "is_parallel": true,
                                            "self": 9.900867700000095,
                                            "children": {
                                                "steps_from_proto": {
                                                    "total": 0.0004413000000003109,
                                                    "count": 1,
                                                    "is_parallel": true,
                                                    "self": 0.00017300000000020077,
                                                    "children": {
                                                        "_process_vector_observation": {
                                                            "total": 0.0002683000000001101,
                                                            "count": 4,
                                                            "is_parallel": true,
                                                            "self": 0.0002683000000001101
                                                        }
                                                    }
                                                },
                                                "UnityEnvironment.step": {
                                                    "total": 20.82725429999995,
                                                    "count": 1179,
                                                    "is_parallel": true,
                                                    "self": 0.09475149999998678,
                                                    "children": {
                                                        "UnityEnvironment._generate_step_input": {
                                                            "total": 0.3453164999999849,
                                                            "count": 1179,
                                                            "is_parallel": true,
                                                            "self": 0.3453164999999849
                                                        },
                                                        "communicator.exchange": {
                                                            "total": 19.894085799999946,