{
    "name": "root",
    "gauges": {
        "Player.Policy.Entropy.mean": {
            "value": 0.5726682543754578,
            "min": 0.5444056987762451,
            "max": 0.6929411888122559,
            "count": 50
        },
        "Player.Policy.ExtrinsicValueEstimate.mean": {
            "value": 0.010633350349962711,
            "min": -0.07219751924276352,
            "max": 0.01113663986325264,
            "count": 50
        },
        "Player.Policy.CuriosityValueEstimate.mean": {
            "value": -0.00043515843572095037,
            "min": -0.008407645858824253,
            "max": 0.0370582714676857,
            "count": 50
        },
        "Player.Environment.EpisodeLength.mean": {
            "value": 1063.6666666666667,
            "min": 693.375,
            "max": 1636.25,
            "count": 50
        },
        "Player.Environment.CumulativeReward.mean": {
            "value": -1.3973334468901157,
            "min": -2.464875134639442,
            "max": 2.59724986134097,
            "count": 50
        },
        "Player.Policy.ExtrinsicReward.mean": {
            "value": -0.2794667013610403,
            "min": -0.49297502799890935,
            "max": 0.5194499829085544,
            "count": 50
        },
        "Player.Policy.CuriosityReward.mean": {
            "value": 0.11332498382156093,
            "min": 0.0,
            "max": 0.20819749729707837,
            "count": 50
        },
        "Player.Losses.ValueLoss.mean": {
            "value": 0.000886770838405937,
            "min": 0.0008630132651887834,
            "max": 0.0023567117750644684,
            "count": 50
        },
        "Player.Losses.PolicyLoss.mean": {
            "value": 0.48836585879325867,
            "min": 0.45108526945114136,
            "max": 0.5934497714042664,
            "count": 50
        },
        "Player.Policy.LearningRate.mean": {
            "value": 0.00029999998514540493,
            "min": 0.00029999998514540493,
            "max": 0.00029999998514540493,
            "count": 50
        },
        "Player.Policy.Epsilon.mean": {
            "value": 0.20000004768371582,
            "min": 0.20000003278255463,
            "max": 0.20000004768371582,
            "count": 50
        },
        "Player.Policy.Beta.mean": {
            "value": 0.004999999888241291,
            "min": 0.004999999422580004,
            "max": 0.004999999888241291,
            "count": 50
        },
        "Player.Losses.CuriosityForwardLoss.mean": {
            "value": 0.00474443519487977,
            "min": 0.001631649094633758,
            "max": 0.09871310740709305,
            "count": 50
        },
        "Player.Losses.CuriosityInverseLoss.mean": {
            "value": 0.6219503283500671,
            "min": 0.5971199870109558,
            "max": 0.6951051950454712,
            "count": 50
        },
        "Player.IsTraining.mean": {
            "value": 1.0,
            "min": 1.0,
            "max": 1.0,
            "count": 50
        }
    },
    "metadata": {
        "timer_format_version": "0.1.0",
        "start_time_seconds": "1606741426",
        "python_version": "3.8.6 (tags/v3.8.6:db45529, Sep 23 2020, 15:52:53) [MSC v.1927 64 bit (AMD64)]",
        "command_line_arguments": "C:\\Users\\bramv\\AppData\\Local\\Programs\\Python\\Python38\\Scripts\\mlagents-learn Jumper-02.yml --run-id Jumper-04",
        "mlagents_version": "0.21.0",
        "mlagents_envs_version": "0.21.0",
        "communication_protocol_version": "1.2.0",
        "tensorflow_version": "2.3.1",
        "numpy_version": "1.19.2",
        "end_time_seconds": "1606742616"
    },
    "total": 1189.3662352,
    "count": 1,
    "self": 0.23429909999981646,
    "children": {
        "run_training.setup": {
            "total": 0.008549599999999824,
            "count": 1,
            "self": 0.008549599999999824
        },
        "TrainerController.start_learning": {
            "total": 1189.1233865000002,
            "count": 1,
            "self": 1.1712698000014825,
            "children": {
                "TrainerController._reset_env": {
                    "total": 18.1455909,
                    "count": 1,
                    "self": 18.1455909
                },
                "TrainerController.advance": {
                    "total": 1166.2868699999988,
                    "count": 50405,
                    "self": 0.5436279000173272,
                    "children": {
                        "env_step": {
                            "total": 1165.7432420999814,
                            "count": 50405,
                            "self": 1095.6719106000028,
                            "children": {
                                "SubprocessEnvManager._take_step": {
                                    "total": 69.4961940999975,
                                    "count": 50405,
                                    "self": 1.5428355000051113,
                                    "children": {
                                        "TFPolicy.evaluate": {
                                            "total": 67.95335859999238,
                                            "count": 50060,
                                            "self": 67.95335859999238
                                        }
                                    }
                                },
                                "workers": {
                                    "total": 0.5751373999811307,
                                    "count": 50405,
                                    "self": 0.0,
                                    "children": {
                                        "worker_root": {
                                            "total": 1168.4862165000134,
                                            "count": 50405,
                                            "is_parallel": true,
                                            "self": 333.9418216000191,
                                            "children": {
                                                "steps_from_proto": {
                                                    "total": 0.0005210000000008819,
                                                    "count": 1,
                                                    "is_parallel": true,
                                                    "self": 0.00016280000000001849,
                                                    "children": {
                                                        "_process_vector_observation": {
                                                            "total": 0.0003582000000008634,
                                                            "count": 6,
                                                            "is_parallel": true,
                                                            "self": 0.0003582000000008634
                                                        }
                                                    }
                                                },
                                                "UnityEnvironment.step": {
                                                    "total": 834.5438738999942,
                                                    "count": 50405,
                                                    "is_parallel": true,
                                                    "self": 3.799762799987093,
                                                    "children": {
                                                        "UnityEnvironment._generate_step_input": {
                                                            "total": 13.190501100004656,
                                                            "count": 50405,
                                                            "is_parallel": true,
                                                            "self": 13.190501100004656
                                                        },